Timestamp,Time (s),Temperature (Â°C),Mean,Std Dev,Min,Max,Avg Temp
2025-02-13 15:48:07,0,22.04,22.04,0.0,22.04,22.04,22.04
2025-02-13 15:48:07,0,23.14,22.59,0.5500000000000007,22.04,23.14,22.59
2025-02-13 15:48:08,1,23.27,22.816666666666666,0.5517447074709667,22.04,23.27,22.816666666666666
2025-02-13 15:48:08,2,25.339,23.44725,1.1921504466718953,22.04,25.339,23.44725
2025-02-13 15:48:08,3,22.9,23.337799999999998,1.0885289890489824,22.04,25.339,23.337799999999998
2025-02-13 15:48:08,4,28.018,24.117833333333333,2.0074044947532514,22.04,28.018,24.117833333333333
2025-02-13 15:48:09,5,22.9,23.943857142857144,1.906727969853175,22.04,28.018,23.943857142857144
2025-02-13 15:48:09,6,22.9,23.813374999999997,1.816683581247709,22.04,28.018,23.813375
2025-02-13 15:48:09,7,25.579,24.009555555555554,1.800424771553839,22.04,28.018,24.009555555555554
2025-02-13 15:48:09,8,23.02,23.9106,1.7336395934564952,22.04,28.018,23.9106
2025-02-13 15:48:10,9,30.217,24.48390909090909,2.4533877673922815,22.04,30.217,24.48390909090909
2025-02-13 15:48:10,10,23.14,24.371916666666664,2.378126204190088,22.04,30.217,24.371916666666664
2025-02-13 15:48:10,11,28.388,24.68084615384615,2.523033121101964,22.04,30.217,24.680846153846154
2025-02-13 15:48:10,12,23.02,24.56221428571428,2.4685946024457905,22.04,30.217,24.562214285714283
2025-02-13 15:48:11,13,23.64,24.500733333333326,2.3959578590247,22.04,30.217,24.500733333333333
2025-02-13 15:48:11,14,23.02,24.4081875,2.3474021070842874,22.04,30.217,24.4081875
2025-02-13 15:48:11,15,23.14,24.333588235294116,2.296780868925373,22.04,30.217,24.333588235294116
2025-02-13 15:48:11,16,28.148,24.5455,2.3969872119901776,22.04,30.217,24.5455
2025-02-13 15:48:12,17,22.78,24.452578947368423,2.366129380183449,22.04,30.217,24.45257894736842
2025-02-13 15:48:12,18,27.898,24.624850000000002,2.425388386939296,22.04,30.217,24.624850000000002
2025-02-13 15:48:12,19,23.02,24.548428571428573,2.391483651297196,22.04,30.217,24.548428571428573
2025-02-13 15:48:12,20,22.9,24.4735,2.361594968544468,22.04,30.217,24.4735
2025-02-13 15:48:13,21,23.14,24.415521739130437,2.3256395636388274,22.04,30.217,24.415521739130437
2025-02-13 15:48:13,22,23.02,24.357375,2.2936880929429644,22.04,30.217,24.357375
2025-02-13 15:48:13,23,24.969,24.38184,2.2505398762074846,22.04,30.217,24.38184
2025-02-13 15:48:13,24,23.27,24.339076923076924,2.2171697642069743,22.04,30.217,24.339076923076924
2025-02-13 15:48:14,25,28.018,24.475333333333335,2.283962476178756,22.04,30.217,24.47533333333333
2025-02-13 15:48:14,26,23.14,24.42764285714286,2.2564551563124358,22.04,30.217,24.42764285714286
2025-02-13 15:48:14,27,23.14,24.383241379310345,2.2296231884391777,22.04,30.217,24.383241379310345
2025-02-13 15:48:15,28,23.02,24.3378,2.2057640157853093,22.04,30.217,24.3378
2025-02-13 15:48:15,29,23.14,24.29916129032258,2.180191543771744,22.04,30.217,24.29916129032258
2025-02-13 15:48:15,30,28.388,24.426937499999998,2.260713630934655,22.04,30.217,24.4269375
2025-02-13 15:48:15,31,23.14,24.38793939393939,2.2371007744656444,22.04,30.217,24.387939393939394
2025-02-13 15:48:16,32,27.778,24.487647058823526,2.2771689839172846,22.04,30.217,24.48764705882353
2025-02-13 15:48:16,33,22.9,24.442285714285713,2.2599339885609626,22.04,30.217,24.442285714285713
2025-02-13 15:48:16,34,23.02,24.402777777777775,2.240549673519017,22.04,30.217,24.40277777777778
2025-02-13 15:48:16,35,30.457,24.5664054054054,2.418315422829517,22.04,30.457,24.566405405405405
2025-02-13 15:48:17,36,22.9,24.522552631578943,2.4011458963692673,22.04,30.457,24.522552631578947
2025-02-13 15:48:17,37,30.587,24.67805128205128,2.556658325283601,22.04,30.587,24.678051282051282
2025-02-13 15:48:17,38,23.02,24.636599999999998,2.537735090587668,22.04,30.587,24.636599999999998
2025-02-13 15:48:17,39,25.459,24.656658536585365,2.509804293310498,22.04,30.587,24.656658536585365
2025-02-13 15:48:18,40,23.02,24.617690476190475,2.4922675417043627,22.04,30.587,24.617690476190475
2025-02-13 15:48:18,41,23.14,24.58332558139535,2.4731652040563112,22.04,30.587,24.58332558139535
2025-02-13 15:48:18,42,27.778,24.65593181818182,2.490826235661639,22.04,30.587,24.65593181818182
2025-02-13 15:48:18,43,23.14,24.622244444444448,2.473110755084289,22.04,30.587,24.622244444444444
2025-02-13 15:48:19,44,23.14,24.590021739130442,2.455613546719385,22.04,30.587,24.590021739130435
2025-02-13 15:48:19,45,23.14,24.559170212765967,2.438344270101794,22.04,30.587,24.559170212765956
2025-02-13 15:48:19,46,22.9,24.524604166666666,2.4244203150751944,22.04,30.587,24.524604166666666
2025-02-13 15:48:19,47,25.459,24.543673469387755,2.403188115372485,22.04,30.587,24.543673469387755
2025-02-13 15:48:20,48,23.39,24.520600000000005,2.3845112119677694,22.04,30.587,24.520599999999998
2025-02-13 15:48:20,49,27.778,24.5844705882353,2.4038257444996427,22.04,30.587,24.584470588235295
2025-02-13 15:48:20,50,23.14,24.556692307692312,2.388850943111011,22.04,30.587,24.55669230769231
2025-02-13 15:48:21,51,25.709,24.578433962264157,2.3713956523487685,22.04,30.587,24.57843396226415
2025-02-13 15:48:21,52,23.02,24.54957407407408,2.358711823588302,22.04,30.587,24.549574074074073
2025-02-13 15:48:21,53,25.459,24.566109090909098,2.3403270064651402,22.04,30.587,24.56610909090909
2025-02-13 15:48:21,54,30.217,24.66701785714286,2.4370815427698953,22.04,30.587,24.66701785714286
2025-02-13 15:48:22,55,23.14,24.640228070175443,2.423913741282263,22.04,30.587,24.64022807017544
2025-02-13 15:48:22,56,25.459,24.65434482758621,2.405289519828618,22.04,30.587,24.654344827586208
2025-02-13 15:48:22,57,23.02,24.626644067796615,2.394131368347503,22.04,30.587,24.626644067796608
2025-02-13 15:48:22,58,25.579,24.64251666666667,2.3772249261948737,22.04,30.587,24.642516666666666
2025-02-13 15:48:23,59,22.9,24.613950819672134,2.3680194700838184,22.04,30.587,24.61395081967213
2025-02-13 15:48:23,60,23.02,24.588241935483875,2.357411748325829,22.04,30.587,24.58824193548387
2025-02-13 15:48:23,61,25.459,24.602063492063497,2.341158218808068,22.04,30.587,24.602063492063493
2025-02-13 15:48:23,62,23.14,24.57921875,2.329862532618274,22.04,30.587,24.57921875
2025-02-13 15:48:24,63,30.217,24.665953846153847,2.4137560480314253,22.04,30.587,24.665953846153847
2025-02-13 15:48:24,64,23.14,24.642833333333336,2.402641983843047,22.04,30.587,24.642833333333332
2025-02-13 15:48:24,65,23.14,24.62040298507463,2.3915967317161284,22.04,30.587,24.620402985074627
2025-02-13 15:48:24,66,23.14,24.59863235294118,2.380625238587616,22.04,30.587,24.598632352941173
2025-02-13 15:48:25,67,23.14,24.577492753623194,2.3697317687334554,22.04,30.587,24.577492753623186
2025-02-13 15:48:25,68,28.148,24.628500000000006,2.3905910132971595,22.04,30.587,24.6285
2025-02-13 15:48:25,69,23.14,24.607535211267614,2.380168072127905,22.04,30.587,24.607535211267606
2025-02-13 15:48:25,70,25.579,24.621027777777776,2.3663140580765303,22.04,30.587,24.621027777777776
2025-02-13 15:48:26,71,23.14,24.6007397260274,2.356347405761939,22.04,30.587,24.6007397260274
2025-02-13 15:48:26,72,23.27,24.58275675675676,2.345410047770768,22.04,30.587,24.58275675675676
2025-02-13 15:48:26,73,23.14,24.56352,2.3355911934525984,22.04,30.587,24.563519999999997
2025-02-13 15:48:26,74,23.27,24.5465,2.3248518487037084,22.04,30.587,24.5465
2025-02-13 15:48:27,75,23.02,24.526675324675328,2.3161630970181117,22.04,30.587,24.526675324675328
2025-02-13 15:48:27,76,23.02,24.507358974358976,2.3075018458439653,22.04,30.587,24.507358974358976
2025-02-13 15:48:27,77,25.829,24.524088607594937,2.29760655977935,22.04,30.587,24.524088607594937
2025-02-13 15:48:28,78,23.02,24.5052875,2.2893085211136897,22.04,30.587,24.5052875
2025-02-13 15:48:28,79,23.39,24.49151851851852,2.2784638268251904,22.04,30.587,24.491518518518518
2025-02-13 15:48:28,80,28.018,24.534524390243906,2.29736753499925,22.04,30.587,24.534524390243902
2025-02-13 15:48:28,81,23.02,24.51627710843374,2.289456584722977,22.04,30.587,24.516277108433734
2025-02-13 15:48:29,82,28.018,24.557964285714288,2.3072603752504137,22.04,30.587,24.557964285714288
2025-02-13 15:48:29,83,23.02,24.539870588235296,2.299635120869167,22.04,30.587,24.539870588235296
2025-02-13 15:48:29,84,25.709,24.55346511627907,2.2896590418341534,22.04,30.587,24.55346511627907
2025-02-13 15:48:29,85,28.148,24.594781609195405,2.308481316101176,22.04,30.587,24.594781609195405
2025-02-13 15:48:30,86,23.14,24.578250000000004,2.300500984222587,22.04,30.587,24.57825
2025-02-13 15:48:30,87,28.018,24.6168988764045,2.316093568217897,22.04,30.587,24.616898876404495
2025-02-13 15:48:30,88,23.14,24.600488888888894,2.3083874903126858,22.04,30.587,24.600488888888886
2025-02-13 15:48:30,89,28.018,24.63804395604396,2.323151019070548,22.04,30.587,24.638043956043955
2025-02-13 15:48:31,90,23.14,24.621760869565218,2.3157061387571405,22.04,30.587,24.621760869565215
2025-02-13 15:48:31,91,23.27,24.607225806451616,2.3074380483256554,22.04,30.587,24.607225806451616
2025-02-13 15:48:31,92,25.579,24.617563829787237,2.297295915314678,22.04,30.587,24.617563829787233
2025-02-13 15:48:31,93,23.39,24.60464210526316,2.2886044744193805,22.04,30.587,24.604642105263157
2025-02-13 15:48:32,94,25.709,24.61614583333333,2.2794128309133996,22.04,30.587,24.616145833333334
2025-02-13 15:48:32,95,23.39,24.60350515463917,2.2710125999991444,22.04,30.587,24.603505154639176
2025-02-13 15:48:32,96,25.709,24.61478571428571,2.2621260013355506,22.04,30.587,24.614785714285713
2025-02-13 15:48:32,97,23.27,24.601202020202013,2.2546857111707466,22.04,30.587,24.601202020202017
2025-02-13 15:48:33,98,23.27,24.587889999999994,2.247290670540863,22.04,30.587,24.58789
2025-02-13 15:48:33,99,23.02,24.572366336633657,2.2415197183999274,22.04,30.587,24.572366336633664
2025-02-13 15:48:33,100,23.14,24.558323529411755,2.234965092335039,22.04,30.587,24.558323529411766
2025-02-13 15:48:33,101,25.579,24.56823300970873,2.226339894164243,22.04,30.587,24.568233009708734
2025-02-13 15:48:34,102,23.14,24.554499999999997,2.2199898994919223,22.04,30.587,24.5545
2025-02-13 15:48:34,103,25.829,24.566638095238094,2.212858130816384,22.04,30.587,24.566638095238094
2025-02-13 15:48:34,104,23.02,24.55204716981132,2.2074644781520973,22.04,30.587,24.55204716981132
2025-02-13 15:48:35,105,26.319,24.56856074766355,2.2036933364413653,22.04,30.587,24.56856074766355
2025-02-13 15:48:35,106,25.829,24.58023148148148,2.196786961832117,22.04,30.587,24.58023148148148
2025-02-13 15:48:35,107,23.39,24.569311926605504,2.189629295830805,22.04,30.587,24.569311926605504
2025-02-13 15:48:35,108,25.949,24.581854545454544,2.183583725881351,22.04,30.587,24.581854545454544
2025-02-13 15:48:36,109,23.64,24.573369369369367,2.1755464589610125,22.04,30.587,24.573369369369367
2025-02-13 15:48:36,110,23.51,24.563874999999996,2.1681211505957676,22.04,30.587,24.563875
2025-02-13 15:48:36,111,23.02,24.550212389380526,2.163343816448298,22.04,30.587,24.55021238938053
2025-02-13 15:48:36,112,23.39,24.540035087719293,2.15654992876587,22.04,30.587,24.540035087719296
2025-02-13 15:48:37,113,30.707,24.593660869565213,2.2221834420695203,22.04,30.707,24.59366086956522
2025-02-13 15:48:37,114,23.39,24.583284482758614,2.2153806468525605,22.04,30.707,24.58328448275862
2025-02-13 15:48:37,115,25.829,24.593931623931617,2.208871521169603,22.04,30.707,24.59393162393162
2025-02-13 15:48:37,116,23.39,24.583728813559315,2.202258923727154,22.04,30.707,24.583728813559322
2025-02-13 15:48:38,117,28.018,24.612588235294112,2.2152802861977112,22.04,30.707,24.61258823529412
2025-02-13 15:48:38,118,23.27,24.601399999999998,2.2094042651055665,22.04,30.707,24.6014
2025-02-13 15:48:38,119,23.14,24.589322314049582,2.2042297888898417,22.04,30.707,24.589322314049586
2025-02-13 15:48:38,120,27.898,24.616442622950817,2.215355724124862,22.04,30.707,24.61644262295082
2025-02-13 15:48:39,121,23.02,24.603463414634145,2.2109844560560967,22.04,30.707,24.60346341463415
2025-02-13 15:48:39,122,25.949,24.61431451612903,2.205337178400265,22.04,30.707,24.614314516129035
2025-02-13 15:48:39,123,23.64,24.606519999999996,2.1982123486142098,22.04,30.707,24.60652
2025-02-13 15:48:39,124,23.14,24.594880952380947,2.1933355102288474,22.04,30.707,24.59488095238095
2025-02-13 15:48:40,125,26.569,24.61042519685039,2.1916399192712,22.04,30.707,24.610425196850393
2025-02-13 15:48:40,126,23.39,24.600890624999998,2.185704735585781,22.04,30.707,24.600890625
2025-02-13 15:48:40,127,28.388,24.6302480620155,2.2024054539131703,22.04,30.707,24.630248062015504
2025-02-13 15:48:40,128,23.14,24.618784615384616,2.197778315217492,22.04,30.707,24.618784615384616
2025-02-13 15:48:41,129,23.02,24.606580152671757,2.1937914440675756,22.04,30.707,24.606580152671757
2025-02-13 15:48:41,130,22.53,24.590848484848486,2.192870601983427,22.04,30.707,24.590848484848486
2025-02-13 15:48:41,131,23.02,24.57903759398496,2.1888215094178993,22.04,30.707,24.579037593984964
2025-02-13 15:48:42,132,23.02,24.56740298507463,2.1847630873966155,22.04,30.707,24.56740298507463
2025-02-13 15:48:42,133,23.14,24.55682962962963,2.180094821385803,22.04,30.707,24.55682962962963
2025-02-13 15:48:42,134,28.268,24.584117647058825,2.1950836244918124,22.04,30.707,24.584117647058825
2025-02-13 15:48:42,135,23.14,24.573576642335766,2.19050969212173,22.04,30.707,24.573576642335766
2025-02-13 15:48:43,136,28.018,24.598536231884058,2.202024204343208,22.04,30.707,24.598536231884058
2025-02-13 15:48:43,137,23.39,24.589841726618708,2.19646497304811,22.04,30.707,24.589841726618705
2025-02-13 15:48:43,138,23.27,24.580414285714287,2.191426889969554,22.04,30.707,24.580414285714284
2025-02-13 15:48:43,139,23.14,24.570198581560284,2.186984926090791,22.04,30.707,24.570198581560284
2025-02-13 15:48:44,140,23.39,24.561887323943665,2.1815041848300147,22.04,30.707,24.56188732394366
2025-02-13 15:48:44,141,28.268,24.5878041958042,2.195691286906013,22.04,30.707,24.587804195804196
2025-02-13 15:48:44,142,23.02,24.576916666666666,2.1919241816394,22.04,30.707,24.576916666666666
2025-02-13 15:48:44,143,26.319,24.58893103448276,2.189105434222004,22.04,30.707,24.58893103448276
2025-02-13 15:48:45,144,23.02,24.57818493150685,2.185429900354157,22.04,30.707,24.57818493150685
2025-02-13 15:48:45,145,23.39,24.57010204081633,2.1801724662936532,22.04,30.707,24.570102040816327
2025-02-13 15:48:45,146,25.829,24.578608108108106,2.1752406783119214,22.04,30.707,24.578608108108106
2025-02-13 15:48:45,147,23.27,24.569825503355705,2.170560221290556,22.04,30.707,24.569825503355705
2025-02-13 15:48:46,148,23.51,24.562759999999997,2.1650314260382766,22.04,30.707,24.56276
2025-02-13 15:48:46,149,23.88,24.558238410596026,2.158561017209079,22.04,30.707,24.558238410596026
2025-02-13 15:48:46,150,25.579,24.564953947368423,2.1530308115562895,22.04,30.707,24.564953947368423
2025-02-13 15:48:46,151,23.02,24.554856209150326,2.1495912620084954,22.04,30.707,24.554856209150326
2025-02-13 15:48:47,152,23.39,24.54729220779221,2.1446425183460582,22.04,30.707,24.547292207792207
2025-02-13 15:48:47,153,30.457,24.58541935483871,2.1894483349095712,22.04,30.707,24.58541935483871
2025-02-13 15:48:47,154,23.27,24.57698717948718,2.1849430227482243,22.04,30.707,24.57698717948718
2025-02-13 15:48:48,155,28.148,24.599732484076437,2.1964232168558753,22.04,30.707,24.599732484076434
2025-02-13 15:48:48,156,23.14,24.590493670886076,2.192519646858079,22.04,30.707,24.590493670886076
2025-02-13 15:48:48,157,24.5,24.58992452830189,2.1856257643351036,22.04,30.707,24.58992452830189
2025-02-13 15:48:48,158,23.14,24.580862500000002,2.1817793469078746,22.04,30.707,24.580862500000002
2025-02-13 15:48:49,159,23.39,24.57346583850932,2.1770045008357424,22.04,30.707,24.573465838509318
2025-02-13 15:48:49,160,28.268,24.596271604938273,2.1894816597944904,22.04,30.707,24.59627160493827
2025-02-13 15:48:49,161,23.51,24.589607361963193,2.1844025967598277,22.04,30.707,24.589607361963193
2025-02-13 15:48:49,162,31.687,24.632884146341464,2.2467307234946965,22.04,31.687,24.632884146341464
2025-02-13 15:48:50,163,23.51,24.62607878787879,2.2416069100640765,22.04,31.687,24.626078787878786
2025-02-13 15:48:50,164,23.14,24.617126506024096,2.2378014441128005,22.04,31.687,24.617126506024096
2025-02-13 15:48:50,165,25.709,24.623664670658684,2.232681089102979,22.04,31.687,24.623664670658684
2025-02-13 15:48:50,166,23.14,24.61483333333333,2.22894992804819,22.04,31.687,24.614833333333337
2025-02-13 15:48:51,167,28.878,24.640059171597635,2.246269274442282,22.04,31.687,24.640059171597635
2025-02-13 15:48:51,168,23.14,24.631235294117644,2.24258854712484,22.04,31.687,24.631235294117648
2025-02-13 15:48:51,169,28.018,24.651040935672512,2.2508837441998684,22.04,31.687,24.651040935672516
2025-02-13 15:48:51,170,23.14,24.642255813953486,2.2472692016738405,22.04,31.687,24.642255813953486
2025-02-13 15:48:52,171,23.39,24.635017341040463,2.242774815386435,22.04,31.687,24.635017341040463
2025-02-13 15:48:52,172,23.64,24.62929885057471,2.2375852831108096,22.04,31.687,24.62929885057471
2025-02-13 15:48:52,173,23.14,24.620788571428566,2.2340052835046142,22.04,31.687,24.62078857142857
2025-02-13 15:48:52,174,25.579,24.626232954545458,2.2288136156332543,22.04,31.687,24.626232954545454
2025-02-13 15:48:53,175,23.39,24.61924858757062,2.224439269231238,22.04,31.687,24.61924858757062
2025-02-13 15:48:53,176,28.018,24.638342696629213,2.23268070357856,22.04,31.687,24.638342696629213
2025-02-13 15:48:53,177,23.39,24.631368715083802,2.22837878496915,22.04,31.687,24.631368715083802
2025-02-13 15:48:53,178,23.14,24.623083333333337,2.2249433372934844,22.04,31.687,24.623083333333334
2025-02-13 15:48:54,179,23.27,24.61560773480663,2.221054243169309,22.04,31.687,24.61560773480663
2025-02-13 15:48:54,180,23.39,24.60887362637363,2.2167961413673916,22.04,31.687,24.608873626373626
2025-02-13 15:48:54,181,28.268,24.628868852459018,2.2271275023586035,22.04,31.687,24.628868852459014
2025-02-13 15:48:55,182,23.14,24.620777173913044,2.2237629901178995,22.04,31.687,24.620777173913044
2025-02-13 15:48:55,183,25.579,24.62595675675676,2.2188573217641188,22.04,31.687,24.625956756756754
2025-02-13 15:48:55,184,23.14,24.617967741935487,2.215550905793798,22.04,31.687,24.617967741935484
2025-02-13 15:48:55,185,23.14,24.610064171122996,2.212246600770365,22.04,31.687,24.610064171122996
2025-02-13 15:48:56,186,23.51,24.60421276595745,2.207805608215274,22.04,31.687,24.604212765957445
2025-02-13 15:48:56,187,23.39,24.59778835978836,2.20371831703076,22.04,31.687,24.59778835978836
2025-02-13 15:48:56,188,28.018,24.61578947368421,2.2117997501189026,22.04,31.687,24.61578947368421
2025-02-13 15:48:56,189,23.76,24.61130890052356,2.2068664700480527,22.04,31.687,24.61130890052356
2025-02-13 15:48:57,190,30.337,24.641130208333333,2.239364188206284,22.04,31.687,24.641130208333333
2025-02-13 15:48:57,191,23.51,24.635269430051814,2.2350310403306803,22.04,31.687,24.635269430051814
2025-02-13 15:48:57,192,23.14,24.6275618556701,2.231833315282484,22.04,31.687,24.627561855670105
2025-02-13 15:48:57,193,25.709,24.633107692307693,2.2274430790603046,22.04,31.687,24.633107692307693
2025-02-13 15:48:58,194,23.14,24.625489795918366,2.224298808314968,22.04,31.687,24.62548979591837
2025-02-13 15:48:58,195,28.388,24.644588832487308,2.2347005383084095,22.04,31.687,24.64458883248731
2025-02-13 15:48:58,196,23.39,24.638252525252526,2.230823650236213,22.04,31.687,24.638252525252526
2025-02-13 15:48:58,197,25.579,24.642979899497487,2.226205553273353,22.04,31.687,24.64297989949749
2025-02-13 15:48:59,198,23.14,24.635464999999996,2.2231620451004015,22.04,31.687,24.635465
2025-02-13 15:48:59,199,23.27,24.62867164179104,2.2197049626102583,22.04,31.687,24.628671641791048
2025-02-13 15:48:59,200,28.018,24.645450495049502,2.2269454638662367,22.04,31.687,24.645450495049506
2025-02-13 15:48:59,201,23.39,24.63926600985221,2.223191891267237,22.04,31.687,24.639266009852214
2025-02-13 15:49:00,202,26.689,24.64931372549019,2.222351913857771,22.04,31.687,24.649313725490195
2025-02-13 15:49:00,203,23.39,24.64317073170731,2.2186604759259696,22.04,31.687,24.64317073170732
2025-02-13 15:49:00,204,28.018,24.659553398058247,2.2256637680282476,22.04,31.687,24.659553398058254
2025-02-13 15:49:00,205,23.27,24.65284057971014,2.222370723257036,22.04,31.687,24.652840579710144
2025-02-13 15:49:01,206,23.64,24.647971153846154,2.21812871781222,22.04,31.687,24.647971153846154
2025-02-13 15:49:01,207,25.579,24.652425837320575,2.21374828717035,22.04,31.687,24.652425837320575
2025-02-13 15:49:01,208,23.14,24.645223809523806,2.210924142569123,22.04,31.687,24.64522380952381
2025-02-13 15:49:02,209,23.64,24.64045971563981,2.2067589564741925,22.04,31.687,24.64045971563981
2025-02-13 15:49:02,210,23.64,24.635740566037736,2.202615140300031,22.04,31.687,24.635740566037736
2025-02-13 15:49:02,211,62.5343,24.813668075117366,3.39709794929479,22.04,62.5343,24.813668075117373
2025-02-13 15:49:02,212,64.7334,25.00020887850467,4.347207075100021,22.04,64.7334,25.000208878504676
2025-02-13 15:49:03,213,64.8534,25.185572558139533,5.115005881070566,22.04,64.8534,25.185572558139537
2025-02-13 15:49:03,214,64.8534,25.369219907407405,5.770036729103685,22.04,64.8534,25.36921990740741
2025-02-13 15:49:03,215,64.6034,25.55002258064516,6.340414295299155,22.04,64.8534,25.550022580645162
2025-02-13 15:49:03,216,64.6034,25.729166513761466,6.8542343799341525,22.04,64.8534,25.72916651376147
2025-02-13 15:49:04,217,64.7334,25.90726803652968,7.326731822428818,22.04,64.8534,25.907268036529683
2025-02-13 15:49:04,218,64.6034,26.083159545454542,7.759663515493543,22.04,64.8534,26.083159545454546
2025-02-13 15:49:04,219,64.4834,26.25691628959276,8.159781432399463,22.04,64.8534,26.256916289592763
2025-02-13 15:49:04,220,64.6034,26.429648198198194,8.536740535134498,22.04,64.8534,26.4296481981982
2025-02-13 15:49:05,221,67.1724,26.612351121076234,8.942012106561302,22.04,67.1724,26.612351121076234
2025-02-13 15:49:05,222,64.6034,26.781954017857142,9.274548231579505,22.04,67.1724,26.781954017857142
2025-02-13 15:49:05,223,67.1724,26.96146711111111,9.636043533483283,22.04,67.1724,26.961467111111112
2025-02-13 15:49:05,224,66.9224,27.13828539823008,9.973817649882383,22.04,67.1724,27.138285398230085
2025-02-13 15:49:06,225,66.9224,27.31354581497797,10.294691737260216,22.04,67.1724,27.313545814977974
2025-02-13 15:49:06,226,67.1724,27.488365350877192,10.604404507102076,22.04,67.1724,27.488365350877196
2025-02-13 15:49:06,227,69.6114,27.67230873362445,10.939686942828176,22.04,69.6114,27.672308733624455
2025-02-13 15:49:06,228,67.0424,27.84348304347826,11.21901351575585,22.04,69.6114,27.843483043478262
2025-02-13 15:49:07,229,69.4814,28.02373376623376,11.523634971927006,22.04,69.6114,28.023733766233768
2025-02-13 15:49:07,230,69.4814,28.20243060344827,11.815168031280061,22.04,69.6114,28.202430603448274
2025-02-13 15:49:07,231,69.4814,28.379593562231758,12.094659125436998,22.04,69.6114,28.37959356223176
2025-02-13 15:49:07,232,69.4814,28.555242307692303,12.363020507948782,22.04,69.6114,28.555242307692307
2025-02-13 15:49:08,233,69.4814,28.72939617021276,12.621053592214865,22.04,69.6114,28.729396170212766
2025-02-13 15:49:08,234,72.0504,28.912959745762706,12.90482447430647,22.04,72.0504,28.91295974576271
2025-02-13 15:49:08,235,72.0504,29.094974261603372,13.17764503006067,22.04,72.0504,29.094974261603376
2025-02-13 15:49:09,236,69.4814,29.264665126050414,13.406905601783292,22.04,72.0504,29.26466512605042
2025-02-13 15:49:09,237,71.9204,29.443141004184096,13.65921711857824,22.04,72.0504,29.443141004184103
2025-02-13 15:49:09,238,71.9204,29.62012958333333,13.902643076045521,22.04,72.0504,29.620129583333334
2025-02-13 15:49:09,239,71.9204,29.79564937759336,14.13772279763136,22.04,72.0504,29.795649377593364
2025-02-13 15:49:10,240,71.9204,29.96971859504132,14.364943354685806,22.04,72.0504,29.969718595041325
2025-02-13 15:49:10,241,72.0504,30.142890123456787,14.586281280422012,22.04,72.0504,30.14289012345679
2025-02-13 15:49:10,242,71.9204,30.314109426229507,14.79903497104782,22.04,72.0504,30.31410942622951
2025-02-13 15:49:10,243,74.4895,30.494417142857138,15.034964741502943,22.04,74.4895,30.49441714285714
2025-02-13 15:49:11,244,71.9204,30.66281544715447,15.234138273873087,22.04,74.4895,30.662815447154472
2025-02-13 15:49:11,245,74.2395,30.839239271255057,15.453032645562294,22.04,74.4895,30.83923927125506
2025-02-13 15:49:11,246,74.3595,31.01472419354839,15.666514755472798,22.04,74.4895,31.01472419354839
2025-02-13 15:49:11,247,74.3595,31.188799598393572,15.873529544143452,22.04,74.4895,31.188799598393572
2025-02-13 15:49:12,248,74.1195,31.360522399999997,16.071831129505384,22.04,74.4895,31.3605224
2025-02-13 15:49:12,249,74.2395,31.53135498007968,16.26562632764575,22.04,74.4895,31.53135498007968
2025-02-13 15:49:12,250,76.9285,31.711502380952382,16.48230691057171,22.04,76.9285,31.711502380952382
2025-02-13 15:49:12,251,74.2395,31.87959723320158,16.664727489268262,22.04,76.9285,31.87959723320158
2025-02-13 15:49:13,252,74.2395,32.046368503937,16.842101579659204,22.04,76.9285,32.04636850393701
2025-02-13 15:49:13,253,76.3085,32.21994549019608,17.035162636648582,22.04,76.9285,32.21994549019608
2025-02-13 15:49:13,254,76.6785,32.393611718749995,17.22654853618083,22.04,76.9285,32.39361171875
2025-02-13 15:49:13,255,76.7985,32.566393385214006,17.41383894596331,22.04,76.9285,32.566393385214006
2025-02-13 15:49:14,256,76.1885,32.73547131782946,17.59015006554747,22.04,76.9285,32.73547131782946
2025-02-13 15:49:14,257,77.0485,32.90656409266409,17.76994933524586,22.04,77.0485,32.90656409266409
2025-02-13 15:49:14,258,76.6785,33.074917692307686,17.941499803184985,22.04,77.0485,33.07491769230769
2025-02-13 15:49:15,259,79.3675,33.252283908045975,18.134039073632554,22.04,79.3675,33.25228390804598
2025-02-13 15:49:15,260,76.5585,33.4175748091603,18.295328588068486,22.04,79.3675,33.41757480916031
2025-02-13 15:49:15,261,79.4875,33.592745627376424,18.479333695242463,22.04,79.4875,33.592745627376424
2025-02-13 15:49:15,262,76.7985,33.75640378787879,18.63428177825347,22.04,79.4875,33.75640378787879
2025-02-13 15:49:16,263,79.2375,33.92803056603774,18.80697874184167,22.04,79.4875,33.928030566037734
2025-02-13 15:49:16,264,79.2375,34.098366917293234,18.975288566128654,22.04,79.4875,34.098366917293234
2025-02-13 15:49:16,265,79.3675,34.26791423220974,19.14052101196661,22.04,79.4875,34.26791423220974
2025-02-13 15:49:16,266,79.2375,34.43571119402985,19.300521636192332,22.04,79.4875,34.43571119402985
2025-02-13 15:49:17,267,81.6765,34.61132750929369,19.47795552815324,22.04,81.6765,34.61132750929368
2025-02-13 15:49:17,268,79.1175,34.77616518518519,19.628925676201057,22.04,81.6765,34.776165185185185
2025-02-13 15:49:17,269,79.6075,34.94159446494465,19.780344285127118,22.04,81.6765,34.94159446494465
2025-02-13 15:49:17,270,81.8065,35.11389191176471,19.946643173430708,22.04,81.8065,35.11389191176471
2025-02-13 15:49:18,271,81.4365,35.2835717948718,20.105780345649844,22.04,81.8065,35.2835717948718
2025-02-13 15:49:18,272,81.9265,35.45380145985401,20.265194249561972,22.04,81.9265,35.45380145985401
2025-02-13 15:49:18,273,82.0465,35.62322945454545,20.421805128496747,22.04,82.0465,35.62322945454545
2025-02-13 15:49:18,274,81.6765,35.79008913043478,20.571720034436698,22.04,82.0465,35.79008913043478
2025-02-13 15:49:19,275,81.6765,35.955744043321296,20.718150275437363,22.04,82.0465,35.955744043321296
2025-02-13 15:49:19,276,81.5565,36.11977553956834,20.86026772739186,22.04,82.0465,36.119775539568344
2025-02-13 15:49:19,277,81.6765,36.28306129032257,21.000075980803143,22.04,82.0465,36.28306129032258
2025-02-13 15:49:19,278,83.8756,36.45303464285715,21.15392994745674,22.04,83.8756,36.45303464285715
